harry,harry,1
harry,ron,7.416667
harry,hermione,6.285714
harry,neville,5.857143
harry,portraits,7
harry,minerva,2
harry,draco,9.2
harry,peeves,9
ron,harry,17.63636
ron,ron,2
ron,hermione,9.5
ron,neville,17.5
ron,minerva,2
ron,draco,9
ron,peeves,5
hermione,harry,16.58333
hermione,ron,15.81818
hermione,neville,19.5
hermione,spells,1
fred_george,harry,22.5
neville,harry,15.66667
neville,ron,22
neville,hermione,22
neville,students,30
neville,minerva,5
portraits,harry,7
portraits,ron,7
portraits,hermione,7
portraits,neville,7
filch,peeves,7.333333
students,neville,3
minerva,harry,7.6
minerva,ron,4
minerva,students,3
minerva,parvati,4
minerva,flitwick,10
minerva,wood,14
minerva,peeves,2
draco,harry,11.85714
draco,ron,14
draco,students,8.5
draco,minerva,2
hooch,neville,5.666667
hooch,students,23.5
parvati,minerva,5
parvati,draco,3
pansy,parvati,13
wood,harry,6
wood,minerva,14.5
peeves,harry,13
peeves,ron,14
peeves,hermione,14
peeves,neville,14
peeves,filch,7.333333
peeves,school,12