harry,harry,1
harry,ron,7.142857
harry,hermione,5.75
harry,portraits,2
harry,wood,12.83333
harry,flitwick,15
ron,harry,7.461538
ron,ron,2
ron,hermione,6.333333
ron,portraits,2
ron,malfoy,34
ron,spells,2
hermione,harry,6.5
hermione,ron,8
hermione,minerva,38.5
hermione,spells,2
minerva,harry,26.5
minerva,ron,26.5
minerva,hermione,20
dumbledore,students,9
quirrell,dumbledore,9
percy,students,32
wood,harry,35.07692
flitwick,harry,10
flitwick,ron,5
flitwick,hermione,3
flitwick,students,27
flitwick,malfoy,4.5
malfoy,harry,15
malfoy,ron,26
malfoy,flitwick,5