commentator,minerva,2
commentator,students,49.83333
dean,hooch,6
dean,ron,16
fred_george,harry,8.5
fred_george,teams,5
hagrid,harry,16.8
hagrid,hermione,25.25
hagrid,ron,17
hagrid,seamus,21
hagrid,students,5
harry,hagrid,9.6
harry,hermione,19.33333
harry,ron,19.66667
harry,seamus,2
harry,snape,10
harry,students,4
hermione,hagrid,19
hermione,harry,8.25
hermione,ron,4.75
hooch,teams,6.5
minerva,commentator,2
ron,dean,5.5
ron,hagrid,10
ron,harry,6.25
ron,hermione,11.66667
ron,neville,4
ron,ron,3
seamus,harry,16
seamus,students,9
snape,filch,16
snape,harry,7
students,students,1
teams,teams,8
teams,wood,2
wood,fred_george,4
wood,harry,22
wood,teams,7.75