draco,ron,43
dumbledore,harry,29.6
filch,snape,24
fred_george,harry,8.666667
fred_george,percy,15.5
fred_george,ron,13.4
hagrid,harry,12.25
hagrid,hermione,14
hagrid,ron,13
hagrid,snape,10
harry,dumbledore,7.285714
harry,hagrid,27.5
harry,harry,3.25
harry,prince,1
harry,ron,7.227273
hermione,hagrid,6.5
hermione,harry,18.5
hermione,ron,14.33333
minerva,hagrid,13
percy,fred_george,3.5
percy,harry,4
percy,ron,4
prince,harry,7
ron,fred_george,3
ron,hagrid,6.5
ron,harry,11.33333
ron,hermione,11
snape,filch,11
snape,hagrid,11
snape,ron,8.5