wood,harry,29
wood,teams,28
snape,quirrell,12.66667
ron,draco,7
ron,harry,18.71429
ron,hermione,7.375
ron,neville,17
quirrell,snape,5.75
neville,draco,6
neville,harry,17
neville,hermione,11.5
neville,ron,18
hermione,harry,11.54545
hermione,hermione,4.5
hermione,neville,4
hermione,ron,13.625
harry,fred_george,1
harry,hermione,27.875
harry,neville,20
harry,ron,31.57143
fred_george,teams,11
fred_george,wood,19
dumbledore,harry,16
draco,neville,12.5
draco,ron,7.666667
draco,students,24