wood,harry,20
students,harry,6
ronan,bane,10
ronan,hagrid,10
ronan,harry,9
ronan,hermione,9
ronan,ronan,4
ron,harry,12.25
ron,hermione,22.5
neville,harry,26
minerva,harry,21.11111
minerva,hermione,23.14286
minerva,neville,14
hermione,hagrid,6
hermione,harry,17.4
hermione,minerva,2
hermione,ron,13
hermione,ronan,1
harry,draco,1
harry,firenze,11
harry,hagrid,6.25
harry,hermione,39
harry,minerva,1.5
harry,ron,38.5
harry,ronan,1
hagrid,bane,16
hagrid,draco,34.33333
hagrid,filch,18
hagrid,harry,26
hagrid,hermione,27.42857
hagrid,neville,39.66667
hagrid,ronan,13.14286
firenze,bane,31.5
firenze,harry,28.5
filch,draco,34.33333
filch,hagrid,12.5
filch,harry,43
filch,hermione,43
filch,neville,43
draco,filch,19
draco,hagrid,11.75
bane,firenze,28.33333
bane,hagrid,6
bane,ronan,34