hagrid,ron,19
hagrid,hermione,19
hagrid,harry,34.66667
harry,snape,2
harry,ron,19.94118
harry,peeves,11
harry,neville,5.666667
harry,minerva,7.166667
harry,hermione,17.04255
harry,harry,3
harry,hagrid,17.33333
hermione,spells,2
hermione,ron,6.842105
hermione,neville,8
hermione,minerva,6
hermione,harry,11.08108
minerva,ron,17.16667
minerva,hermione,14.6
minerva,harry,13.5
neville,ron,11.83333
neville,hermione,8.25
neville,harry,8.25
peeves,peeves,15
peeves,harry,22.5
ron,neville,9
ron,hermione,10.7037
ron,harry,10.38889
ron,hagrid,2
snape,ron,13
snape,hermione,13
snape,harry,14.75