harry,ron,23.57142857
harry,hermione,30
harry,quirrell,8.555555556
harry,voldemort,1
harry,dumbledore,9.772727273
harry,pomfrey,7.4
harry,hagrid,27.5
harry,mrs_weasley,10
ron,harry,15.14285714
ron,hermione,15
hermione,harry,17.8
hermione,ron,15
quirrell,harry,33.64705882
quirrell,quirrell,13
quirrell,voldemort,9
voldemort,harry,38
voldemort,quirrell,5.285714286
dumbledore,harry,35.5
dumbledore,students,34.14285714
students,harry,2.5
students,students,13
pomfrey,harry,9.666666667
pomfrey,ron,7
pomfrey,hermione,7
hagrid,harry,23.8
mrs_weasley,harry,3.5
mrs_weasley,ginny,8
mrs_weasley,vernon,5
ginny,mrs_weasley,7.5
vernon,harry,7.5