harry,harry,1
harry,ron,7.416667
harry,hermione,6.285714
harry,neville,5.857143
harry,portraits,7
harry,minerva,2
harry,draco,9.2
harry,peeves,9
ron,harry,17.63636
ron,ron,2
ron,hermione,9.5
ron,neville,17.5
ron,minerva,2
ron,draco,9
ron,peeves,5
hermione,harry,16.58333
hermione,ron,15.81818
hermione,neville,19.5
hermione,spells,1
fred_george,harry,22.5
neville,harry,15.66667
neville,ron,22
neville,hermione,22
neville,students,30
neville,minerva,5
portraits,harry,7
portraits,ron,7
portraits,hermione,7
portraits,neville,7
filch,peeves,7.333333
students,neville,3
minerva,harry,7.6
minerva,ron,4
minerva,students,3
minerva,parvati,4
minerva,flitwick,10
minerva,wood,14
minerva,peeves,2
draco,harry,11.85714
draco,ron,14
draco,students,8.5
draco,minerva,2
hooch,neville,5.666667
hooch,students,23.5
parvati,minerva,5
parvati,draco,3
pansy,parvati,13
wood,harry,6
wood,minerva,14.5
peeves,harry,13
peeves,ron,14
peeves,hermione,14
peeves,neville,14
peeves,filch,7.333333
peeves,school,12
harry,harry,1
harry,ron,7.142857
harry,hermione,5.75
harry,portraits,2
harry,wood,12.83333
harry,flitwick,15
ron,harry,7.461538
ron,ron,2
ron,hermione,6.333333
ron,portraits,2
ron,malfoy,34
ron,spells,2
hermione,harry,6.5
hermione,ron,8
hermione,minerva,38.5
hermione,spells,2
minerva,harry,26.5
minerva,ron,26.5
minerva,hermione,20
dumbledore,students,9
quirrell,dumbledore,9
percy,students,32
wood,harry,35.07692
flitwick,harry,10
flitwick,ron,5
flitwick,hermione,3
flitwick,students,27
flitwick,malfoy,4.5
malfoy,harry,15
malfoy,ron,26
malfoy,flitwick,5
commentator,minerva,2
commentator,students,49.83333
dean,hooch,6
dean,ron,16
fred_george,harry,8.5
fred_george,teams,5
hagrid,harry,16.8
hagrid,hermione,25.25
hagrid,ron,17
hagrid,seamus,21
hagrid,students,5
harry,hagrid,9.6
harry,hermione,19.33333
harry,ron,19.66667
harry,seamus,2
harry,snape,10
harry,students,4
hermione,hagrid,19
hermione,harry,8.25
hermione,ron,4.75
hooch,teams,6.5
minerva,commentator,2
ron,dean,5.5
ron,hagrid,10
ron,harry,6.25
ron,hermione,11.66667
ron,neville,4
ron,ron,3
seamus,harry,16
seamus,students,9
snape,filch,16
snape,harry,7
students,students,1
teams,teams,8
teams,wood,2
wood,fred_george,4
wood,harry,22
wood,teams,7.75
draco,ron,43
dumbledore,harry,29.6
filch,snape,24
fred_george,harry,8.666667
fred_george,percy,15.5
fred_george,ron,13.4
hagrid,harry,12.25
hagrid,hermione,14
hagrid,ron,13
hagrid,snape,10
harry,dumbledore,7.285714
harry,hagrid,27.5
harry,harry,3.25
harry,prince,1
harry,ron,7.227273
hermione,hagrid,6.5
hermione,harry,18.5
hermione,ron,14.33333
minerva,hagrid,13
percy,fred_george,3.5
percy,harry,4
percy,ron,4
prince,harry,7
ron,fred_george,3
ron,hagrid,6.5
ron,harry,11.33333
ron,hermione,11
snape,filch,11
snape,hagrid,11
snape,ron,8.5
wood,harry,29
wood,teams,28
snape,quirrell,12.66667
ron,draco,7
ron,harry,18.71429
ron,hermione,7.375
ron,neville,17
quirrell,snape,5.75
neville,draco,6
neville,harry,17
neville,hermione,11.5
neville,ron,18
hermione,harry,11.54545
hermione,hermione,4.5
hermione,neville,4
hermione,ron,13.625
harry,fred_george,1
harry,hermione,27.875
harry,neville,20
harry,ron,31.57143
fred_george,teams,11
fred_george,wood,19
dumbledore,harry,16
draco,neville,12.5
draco,ron,7.666667
draco,students,24
draco,minerva,10
filch,harry,7
filch,hermione,1
hagrid,harry,14.33333
hagrid,hermione,19.85714
hagrid,norbert,6
hagrid,ron,13.54545
harry,hagrid,11.55556
harry,hermione,12.75
harry,ron,11.85714
hermione,hagrid,14.8
hermione,harry,10.33333
hermione,ron,17.83333
minerva,draco,18
ron,hagrid,10.75
ron,harry,26
ron,hermione,27.18182
wood,harry,20
students,harry,6
ronan,bane,10
ronan,hagrid,10
ronan,harry,9
ronan,hermione,9
ronan,ronan,4
ron,harry,12.25
ron,hermione,22.5
neville,harry,26
minerva,harry,21.11111
minerva,hermione,23.14286
minerva,neville,14
hermione,hagrid,6
hermione,harry,17.4
hermione,minerva,2
hermione,ron,13
hermione,ronan,1
harry,draco,1
harry,firenze,11
harry,hagrid,6.25
harry,hermione,39
harry,minerva,1.5
harry,ron,38.5
harry,ronan,1
hagrid,bane,16
hagrid,draco,34.33333
hagrid,filch,18
hagrid,harry,26
hagrid,hermione,27.42857
hagrid,neville,39.66667
hagrid,ronan,13.14286
firenze,bane,31.5
firenze,harry,28.5
filch,draco,34.33333
filch,hagrid,12.5
filch,harry,43
filch,hermione,43
filch,neville,43
draco,filch,19
draco,hagrid,11.75
bane,firenze,28.33333
bane,hagrid,6
bane,ronan,34
hagrid,ron,19
hagrid,hermione,19
hagrid,harry,34.66667
harry,snape,2
harry,ron,19.94118
harry,peeves,11
harry,neville,5.666667
harry,minerva,7.166667
harry,hermione,17.04255
harry,harry,3
harry,hagrid,17.33333
hermione,spells,2
hermione,ron,6.842105
hermione,neville,8
hermione,minerva,6
hermione,harry,11.08108
minerva,ron,17.16667
minerva,hermione,14.6
minerva,harry,13.5
neville,ron,11.83333
neville,hermione,8.25
neville,harry,8.25
peeves,peeves,15
peeves,harry,22.5
ron,neville,9
ron,hermione,10.7037
ron,harry,10.38889
ron,hagrid,2
snape,ron,13
snape,hermione,13
snape,harry,14.75
harry,ron,23.57142857
harry,hermione,30
harry,quirrell,8.555555556
harry,voldemort,1
harry,dumbledore,9.772727273
harry,pomfrey,7.4
harry,hagrid,27.5
harry,mrs_weasley,10
ron,harry,15.14285714
ron,hermione,15
hermione,harry,17.8
hermione,ron,15
quirrell,harry,33.64705882
quirrell,quirrell,13
quirrell,voldemort,9
voldemort,harry,38
voldemort,quirrell,5.285714286
dumbledore,harry,35.5
dumbledore,students,34.14285714
students,harry,2.5
students,students,13
pomfrey,harry,9.666666667
pomfrey,ron,7
pomfrey,hermione,7
hagrid,harry,23.8
mrs_weasley,harry,3.5
mrs_weasley,ginny,8
mrs_weasley,vernon,5
ginny,mrs_weasley,7.5
vernon,harry,7.5