dumbledor,minerva,23.2
dumbledor,hagrid,19
dumbledor,harry,78.28571429
hagrid,minerva,2
vernon,dudley,32.17
vernon,harry,47.5
vernon,snakes,1
petunia,dudley,31.53
petunia,harry,117.5
dudley,harry,13
dudley,snakes,1
harry,snakes,13
harry,harry,57.66667
vernon,vernon,7.25
vernon,petunia,25
harry,hagrid,172.9571696
hagrid,vernon,22.742857
hagrid,petunia,15
hagrid,dudley,16.5
harry,quirrel,47.275
harry,ollivander,23.07142857
hagrid,pub,21
hagrid,quirrel,7
hagrid,gringotts,16
pub,harry,9
pub,pub,6
ollivander,ollivander,2.5
gringotts,harry,10
harry,mrs_weasley,39
harry,ron,163.2591658
mrs_weasley,ron,16
mrs_weasley,ginny,16
mrs_weasley,fred_george,13.33333333
mrs_weasley,percy,10.5
ron,hermione,152.7514459
ron,spells,13
ginny,harry,2
hermione,harry,136.8061493
hermione,spells,8.666666667
hagrid,students,33.5
minerva,students,18.375
draco,students,40
draco,harry,65.4
draco,ron,23
harry,sorting_hat,36.5
harry,percy,17
dumbledor,students,75.33333333
sorting_hat,draco,1
sorting_hat,ron,11
sorting_hat,hermione,5
ron,nearly_headless_nick,15
hermione,students,25
hermione,hermione,7
hermione,nearly_headless_nick,10
percy,students,26.25
percy,nearly_headless_nick,19
percy,portraits,3
nearly_headless_nick,students,7
seamus,students,19
portraits,students,3
neville,trevor,1
harry,minerva,87.66666667
harry,snape,60.75
ron,minerva,86
snape,students,23.5
hermione,neville,39.5
seamus,spells,26
hooch,students,32
hooch,neville,6
students,harry,7
dean,students,5
minerva,quirrel,14
minerva,wood,6
fred_george,harry,16.66666667
nearly_headless_nick,ghosts,15
harry,wood,31.69444444
harry,flitwick,11
harry,neville,36
students,flitwick,22
students,spells,2
flitwick,hermione,2
ron,seamus,14
hermione,minerva,82.66666667
quirrel,ron,9
quirrel,hermione,9
quirrel,dumbledor,13
hermione,hagrid,85.4
ron,ron,1
ron,hagrid,58.85
commentator,students,12.375
hagrid,hagrid,13
ron,chess,6
harry,chess,4
harry,lily,1
harry,james,1
filch,filch,7.5
filch,snape,18
snape,quirrel,17.33333333
hagrid,norbert,2.5
harry,firenze,31.4
harry,fang,4
hagrid,draco,19.75
hagrid,firenze,10
minerva,draco,37.5
filch,harry,14.66666667
filch,hermione,14.66666667
filch,ron,14.66666667
filch,hagrid,19.5
filch,draco,33.5
draco,draco,1
draco,fang,3
harry,trevor,1
hermione,snape,18
ron,neville,18.5
ron,trevor,6
snape,ron,15
harry,voldemort,26.53333333
quirrel,voldemort,14.42857143
