dumbledore,students,12
flitwick,hermione,2
flitwick,students,18
harry,flitwick,11
harry,hermione,4.5
harry,neville,2
harry,ron,3.857143
harry,wood,4.75
hermione,harry,3
hermione,minerva,19.5
hermione,ron,8.666667
hermione,spells,2
minerva,harry,17.33333
minerva,hermione,21.5
minerva,ron,17.33333
neville,harry,20
percy,students,7
quirrell,dumbledore,13
quirrell,harry,9
quirrell,hermione,9
quirrell,ron,9
ron,harry,8.75
ron,hermione,12
ron,seamus,14
ron,spells,2
seamus,spells,4
students,flitwick,4
students,spells,2
wood,harry,14.44444