harry,hermione,27.5
harry,ron,18.5
harry,hagrid,4
harry,minerva,1
harry,draco,11
harry,firenze,9
harry,fang,4
hermione,harry,11.75
hermione,hagrid,10
ron,harry,8.25
ron,hermione,8
hagrid,harry,12.8
hagrid,hermione,17
hagrid,ron,15.75
hagrid,draco,14.75
hagrid,firenze,10
minerva,harry,14.66667
minerva,hermione,14.66667
minerva,ron,14.66667
minerva,draco,21.5
filch,harry,14.66667
filch,hermione,14.66667
filch,ron,14.66667
filch,hagrid,19.5
filch,draco,14.5
draco,harry,9.5
draco,hagrid,5
draco,minerva,16
draco,filch,19
draco,draco,1
draco,fang,3
firenze,harry,22.4