harry,harry,1.666667
harry,hermione,7.689655
harry,ron,7.227273
harry,hagrid,8.333333
harry,minerva,8.666667
harry,neville,2.5
harry,trevor,1
harry,chess,1
hermione,harry,8.043478
hermione,ron,9.230769
hermione,snape,3
hermione,neville,4
hermione,spells,1.666667
ron,harry,9.066667
ron,hermione,5.842105
ron,neville,7
ron,trevor,6
ron,spells,1
ron,chess,3
hagrid,harry,25.75
hagrid,hermione,4
hagrid,ron,4
minerva,harry,17
minerva,hermione,28
minerva,ron,28
snape,harry,15
snape,hermione,15
snape,ron,15
neville,harry,11.5
neville,hermione,11.5
neville,ron,11.5