minerva,students,18.375
draco,students,17
draco,harry,19
draco,ron,23
harry,draco,12
harry,sorting_hat,4
harry,ron,4
harry,percy,6
dumbledore,students,33.5
sorting_hat,draco,1
sorting_hat,harry,32.5
sorting_hat,ron,11
sorting_hat,hermione,5
ron,harry,8
ron,nearly_headless_nick,7
hermione,students,21
hermione,hermione,4
hermione,nearly_headless_nick,8
percy,students,19.25
percy,harry,11
percy,nearly_headless_nick,6
percy,portraits,2
nearly_headless_nick,students,7
nearly_headless_nick,ron,8
nearly_headless_nick,hermione,2
nearly_headless_nick,percy,13
seamus,students,19
portraits,students,3
portraits,percy,1
neville,trevor,1