harry,ron,6.571429
harry,hermione,2.111111
harry,draco,7.5
ron,harry,11.4
ron,hermione,14.75
hermione,harry,9.428571
hermione,ron,12.42857
hermione,hermione,3
hermione,spells,1
hermione,neville,14
seamus,spells,22
hooch,students,22
hooch,neville,6
students,harry,7
students,hooch,4
draco,harry,6.4
draco,students,23
dean,students,5
neville,hermione,10
minerva,harry,4
minerva,wood,6
minerva,quirrell,11
fred_george,harry,16.66667
quirrell,minerva,3
nearly_headless_nick,ghosts,15
harry,minerva,3
harry,snape,4
ron,harry,15
ron,minerva,4
minerva,harry,22
minerva,ron,22
snape,harry,14.75
snape,students,23.5