dumbledore,minerva,10
dumbledore,hagrid,7
dumbledore,harry,4
minerva,dumbledore,13.2
hagrid,dumbledore,12
hagrid,minerva,2
vernon,dudley,6.666667
vernon,harry,9
vernon,snakes,1
petunia,dudley,18.2
petunia,harry,8.5
dudley,vernon,7
dudley,petunia,5.333333
dudley,harry,5
dudley,snakes,1
harry,vernon,11.5
harry,petunia,3
harry,dudley,2
harry,snakes,12
snakes,harry,1
harry,harry,3
harry,vernon,7.5
harry,dudley,6
vernon,harry,8.5
vernon,vernon,7.25
vernon,petunia,18
vernon,dudley,13.5
petunia,vernon,7
dudley,vernon,5
dudley,petunia,8
harry,harry,22
harry,hagrid,3.444444
harry,vernon,11
harry,petunia,10
hagrid,harry,12.08333
hagrid,vernon,12.14286
hagrid,petunia,10
hagrid,dudley,13.5
vernon,hagrid,10.6
petunia,harry,96
petunia,hagrid,5
dudley,hagrid,3
harry,hagrid,10.83333
harry,quirrell,2.5
harry,ollivander,4.5
hagrid,harry,18.57895
hagrid,pub,15
hagrid,quirrell,7
hagrid,gringotts,13
pub,harry,9
pub,hagrid,6
pub,pub,6
quirrell,harry,10.5
ollivander,harry,18.57143
ollivander,ollivander,2.5
gringotts,harry,10
gringotts,hagrid,3
harry,harry,1
harry,mrs_weasley,8
harry,ron,3.625
harry,hagrid,2
mrs_weasley,harry,31
mrs_weasley,ron,16
mrs_weasley,ginny,16
mrs_weasley,fred_george,7.333333
mrs_weasley,percy,10.5
ron,harry,10.90909
ron,hermione,2
ron,spells,10
ginny,harry,2
hermione,harry,8.75
hermione,mrs_weasley,0
hermione,ron,10.33333
hermione,spells,2
fred_george,mrs_weasley,6
hagrid,harry,2
hagrid,students,15.5
minerva,students,18.375
draco,students,17
draco,harry,19
draco,ron,23
harry,draco,12
harry,sorting_hat,4
harry,ron,4
harry,percy,6
dumbledore,students,33.5
sorting_hat,draco,1
sorting_hat,harry,32.5
sorting_hat,ron,11
sorting_hat,hermione,5
ron,harry,8
ron,nearly_headless_nick,7
hermione,students,21
hermione,hermione,4
hermione,nearly_headless_nick,8
percy,students,19.25
percy,harry,11
percy,nearly_headless_nick,6
percy,portraits,2
nearly_headless_nick,students,7
nearly_headless_nick,ron,8
nearly_headless_nick,hermione,2
nearly_headless_nick,percy,13
seamus,students,19
portraits,students,3
portraits,percy,1
neville,trevor,1
harry,minerva,3
harry,snape,4
ron,harry,15
ron,minerva,4
minerva,harry,22
minerva,ron,22
snape,harry,14.75
snape,students,23.5
dumbledore,students,12
flitwick,hermione,2
flitwick,students,18
harry,flitwick,11
harry,hermione,4.5
harry,neville,2
harry,ron,3.857143
harry,wood,4.75
hermione,harry,3
hermione,minerva,19.5
hermione,ron,8.666667
hermione,spells,2
minerva,harry,17.33333
minerva,hermione,21.5
minerva,ron,17.33333
neville,harry,20
percy,students,7
quirrell,dumbledore,13
quirrell,harry,9
quirrell,hermione,9
quirrell,ron,9
ron,harry,8.75
ron,hermione,12
ron,seamus,14
ron,spells,2
seamus,spells,4
students,flitwick,4
students,spells,2
wood,harry,14.44444
commentator,students,12.375
hagrid,hagrid,11
hagrid,harry,17
hagrid,hermione,16.16667
hagrid,ron,16.16667
harry,hagrid,7.25
harry,harry,8
harry,hermione,13.6
harry,ron,8.75
harry,wood,1.5
hermione,hagrid,15.5
hermione,harry,6
hermione,ron,9
hermione,spells,2
hooch,students,6
ron,hagrid,1
ron,harry,18
ron,hermione,10
ron,ron,1
snape,harry,27
wood,harry,11
dumbledore,harry,36.25
filch,filch,7.5
filch,snape,18
harry,chess,3
harry,dumbledore,11
harry,harry,22
harry,james,1
harry,lily,1
harry,ron,8.083333
hermione,harry,3.5
hermione,ron,8.25
quirrell,snape,7
ron,chess,3
ron,harry,7.769231
ron,hermione,13
snape,quirrell,10.33333
hermione,ron,19
hermione,harry,21.6
hermione,hermione,2.75
harry,hermione,2
hagrid,hagrid,2
hagrid,harry,16
hagrid,hermione,18.33333
hagrid,ron,18.33333
hagrid,norbert,2.5
harry,hagrid,4.222222
hermione,hagrid,4.4
ron,hagrid,3.6
ron,hermione,7.5
harry,hermione,27.5
harry,ron,18.5
harry,hagrid,4
harry,minerva,1
harry,draco,11
harry,firenze,9
harry,fang,4
hermione,harry,11.75
hermione,hagrid,10
ron,harry,8.25
ron,hermione,8
hagrid,harry,12.8
hagrid,hermione,17
hagrid,ron,15.75
hagrid,draco,14.75
hagrid,firenze,10
minerva,harry,14.66667
minerva,hermione,14.66667
minerva,ron,14.66667
minerva,draco,21.5
filch,harry,14.66667
filch,hermione,14.66667
filch,ron,14.66667
filch,hagrid,19.5
filch,draco,14.5
draco,harry,9.5
draco,hagrid,5
draco,minerva,16
draco,filch,19
draco,draco,1
draco,fang,3
firenze,harry,22.4
harry,hermione,27.5
harry,ron,18.5
harry,hagrid,4
harry,minerva,1
harry,draco,11
harry,firenze,9
harry,fang,4
hermione,harry,11.75
hermione,hagrid,10
ron,harry,8.25
ron,hermione,8
hagrid,harry,12.8
hagrid,hermione,17
hagrid,ron,15.75
hagrid,draco,14.75
hagrid,firenze,10
minerva,harry,14.66667
minerva,hermione,14.66667
minerva,ron,14.66667
minerva,draco,21.5
filch,harry,14.66667
filch,hermione,14.66667
filch,ron,14.66667
filch,hagrid,19.5
filch,draco,14.5
draco,harry,9.5
draco,hagrid,5
draco,minerva,16
draco,filch,19
draco,draco,1
draco,fang,3
firenze,harry,22.4
harry,quirrell,8.4
harry,voldemort,1.333333
harry,dumbledore,8.285714
harry,hermione,3
harry,ron,2.5
harry,hagrid,8
quirrell,harry,16.875
quirrell,voldemort,11
voldemort,harry,25.2
voldemort,quirrell,3.428571
dumbledore,harry,18.75
dumbledore,students,29.83333
hermione,harry,4.333333
hermione,students,4
ron,harry,3
hagrid,harry,20.66667
hagrid,students,18